{"is_source_file": true, "format": "JavaScript", "description": "This file sets up custom Jest matchers for testing DOM nodes, utilizing the '@testing-library/jest-dom' library.", "external_files": ["@testing-library/jest-dom"], "external_methods": ["expect().toHaveTextContent()"], "published": [], "classes": [], "methods": [{"name": "expect", "description": "Jest's global assertion method enhanced with custom matchers from jest-dom."}], "calls": ["import '@testing-library/jest-dom'"], "search-terms": ["setupTests.js", "Jest", "testing-library", "jest-dom", "setup"], "state": 2, "file_id": 1, "knowledge_revision": 24, "git_revision": "", "ctags": [], "hash": null, "format-version": 4, "code-base-name": "events_frontend", "filename": "events_frontend/src/setupTests.js", "revision_history": [{"24": ""}]}