{"is_source_file": true, "format": "JavaScript (React JSX)", "description": "This file initializes and renders the React application by mounting the App component into the DOM element with id 'root'.", "external_files": ["./index.css", "./App"], "external_methods": ["ReactDOM.createRoot", "root.render", "React.StrictMode"], "published": [], "classes": [], "methods": [{"name": "ReactDOM.createRoot", "description": "Creates a root for rendering a React application."}, {"name": "root.render", "description": "Renders React elements into the DOM."}], "calls": ["ReactDOM.createRoot", "root.render", "<React.StrictMode>", "<App />"], "search-terms": ["index.js", "ReactDOM", "createRoot", "React.StrictMode", "App component initialization"], "state": 2, "file_id": 3, "knowledge_revision": 25, "git_revision": "", "ctags": [], "hash": null, "format-version": 4, "code-base-name": "events_frontend", "filename": "events_frontend/src/index.js", "revision_history": [{"25": ""}]}